source_image,target_image
Dataset/data/Image1.jpg,Dataset/orthomosaic/nust.tif
Dataset/data/Image2.jpg,Dataset/orthomosaic/nust.tif
Dataset/data/Image3.jpg,Dataset/orthomosaic/nust.tif
Dataset/data/Image4.jpg,Dataset/orthomosaic/nust.tif
Dataset/data/Image5.jpg,Dataset/orthomosaic/nust.tif
Dataset/data/Image6.jpg,Dataset/orthomosaic/nust.tif
Dataset/data/Image7.jpg,Dataset/orthomosaic/nust.tif
Dataset/data/Image8.jpg,Dataset/orthomosaic/nust.tif
Dataset/data/Image9.jpg,Dataset/orthomosaic/nust.tif
Dataset/data/Image10.jpg,Dataset/orthomosaic/nust.tif
Dataset/data/Image11.jpg,Dataset/orthomosaic/nust.tif
Dataset/data/Image12.jpg,Dataset/orthomosaic/nust.tif
Dataset/data/Image13.jpg,Dataset/orthomosaic/nust.tif
Dataset/data/Image14.jpg,Dataset/orthomosaic/nust.tif
Dataset/data/Image15.jpg,Dataset/orthomosaic/nust.tif
Dataset/data/Image16.jpg,Dataset/orthomosaic/nust.tif
Dataset/data/Image17.jpg,Dataset/orthomosaic/nust.tif
Dataset/data/Image18.jpg,Dataset/orthomosaic/nust.tif
Dataset/data/Image19.jpg,Dataset/orthomosaic/nust.tif
Dataset/data/Image20.jpg,Dataset/orthomosaic/nust.tif
Dataset/data/Image21.jpg,Dataset/orthomosaic/nust.tif
Dataset/data/Image22.jpg,Dataset/orthomosaic/nust.tif
Dataset/data/Image23.jpg,Dataset/orthomosaic/nust.tif
Dataset/data/Image24.jpg,Dataset/orthomosaic/nust.tif
Dataset/data/Image25.jpg,Dataset/orthomosaic/nust.tif
Dataset/data/Image26.jpg,Dataset/orthomosaic/nust.tif
Dataset/data/Image27.jpg,Dataset/orthomosaic/nust.tif
Dataset/data/Image28.jpg,Dataset/orthomosaic/nust.tif
Dataset/data/Image29.jpg,Dataset/orthomosaic/nust.tif
Dataset/data/Image30.jpg,Dataset/orthomosaic/nust.tif
Dataset/data/Image31.jpg,Dataset/orthomosaic/nust.tif
Dataset/data/Image32.jpg,Dataset/orthomosaic/nust.tif
Dataset/data/Image33.jpg,Dataset/orthomosaic/nust.tif
Dataset/data/Image34.jpg,Dataset/orthomosaic/nust.tif
Dataset/data/Image35.jpg,Dataset/orthomosaic/nust.tif
Dataset/data/Image36.jpg,Dataset/orthomosaic/nust.tif
Dataset/data/Image37.jpg,Dataset/orthomosaic/nust.tif
Dataset/data/Image38.jpg,Dataset/orthomosaic/nust.tif
Dataset/data/Image39.jpg,Dataset/orthomosaic/nust.tif
Dataset/data/Image40.jpg,Dataset/orthomosaic/nust.tif
Dataset/data/Image41.jpg,Dataset/orthomosaic/nust.tif
Dataset/data/Image42.jpg,Dataset/orthomosaic/nust.tif
Dataset/data/Image43.jpg,Dataset/orthomosaic/nust.tif
Dataset/data/Image44.jpg,Dataset/orthomosaic/nust.tif
Dataset/data/Image45.jpg,Dataset/orthomosaic/nust.tif
Dataset/data/Image46.jpg,Dataset/orthomosaic/nust.tif
Dataset/data/Image47.jpg,Dataset/orthomosaic/nust.tif
Dataset/data/Image48.jpg,Dataset/orthomosaic/nust.tif
Dataset/data/Image49.jpg,Dataset/orthomosaic/nust.tif
Dataset/data/Image50.jpg,Dataset/orthomosaic/nust.tif
Dataset/data/Image51.jpg,Dataset/orthomosaic/nust.tif
Dataset/data/Image52.jpg,Dataset/orthomosaic/nust.tif
Dataset/data/Image53.jpg,Dataset/orthomosaic/nust.tif
Dataset/data/Image54.jpg,Dataset/orthomosaic/nust.tif
Dataset/data/Image55.jpg,Dataset/orthomosaic/nust.tif
Dataset/data/Image56.jpg,Dataset/orthomosaic/nust.tif
Dataset/data/Image57.jpg,Dataset/orthomosaic/nust.tif
Dataset/data/Image58.jpg,Dataset/orthomosaic/nust.tif
Dataset/data/Image59.jpg,Dataset/orthomosaic/nust.tif
Dataset/data/Image60.jpg,Dataset/orthomosaic/nust.tif
Dataset/data/Image61.jpg,Dataset/orthomosaic/nust.tif
Dataset/data/Image62.jpg,Dataset/orthomosaic/nust.tif
Dataset/data/Image63.jpg,Dataset/orthomosaic/nust.tif
Dataset/data/Image64.jpg,Dataset/orthomosaic/nust.tif
Dataset/data/Image65.jpg,Dataset/orthomosaic/nust.tif
Dataset/data/Image66.jpg,Dataset/orthomosaic/nust.tif
Dataset/data/Image67.jpg,Dataset/orthomosaic/nust.tif
Dataset/data/Image68.jpg,Dataset/orthomosaic/nust.tif
Dataset/data/Image69.jpg,Dataset/orthomosaic/nust.tif
Dataset/data/Image70.jpg,Dataset/orthomosaic/nust.tif
Dataset/data/Image71.jpg,Dataset/orthomosaic/nust.tif
Dataset/data/Image72.jpg,Dataset/orthomosaic/nust.tif
Dataset/data/Image73.jpg,Dataset/orthomosaic/nust.tif
Dataset/data/Image74.jpg,Dataset/orthomosaic/nust.tif
Dataset/data/Image75.jpg,Dataset/orthomosaic/nust.tif
Dataset/data/Image76.jpg,Dataset/orthomosaic/nust.tif
Dataset/data/Image77.jpg,Dataset/orthomosaic/nust.tif
Dataset/data/Image78.jpg,Dataset/orthomosaic/nust.tif
Dataset/data/Image79.jpg,Dataset/orthomosaic/nust.tif
Dataset/data/Image80.jpg,Dataset/orthomosaic/nust.tif
Dataset/data/Image81.jpg,Dataset/orthomosaic/nust.tif
Dataset/data/Image82.jpg,Dataset/orthomosaic/nust.tif
Dataset/data/Image83.jpg,Dataset/orthomosaic/nust.tif
Dataset/data/Image84.jpg,Dataset/orthomosaic/nust.tif
Dataset/data/Image85.jpg,Dataset/orthomosaic/nust.tif
Dataset/data/Image86.jpg,Dataset/orthomosaic/nust.tif
Dataset/data/Image87.jpg,Dataset/orthomosaic/nust.tif
Dataset/data/Image88.jpg,Dataset/orthomosaic/nust.tif
Dataset/data/Image89.jpg,Dataset/orthomosaic/nust.tif
Dataset/data/Image90.jpg,Dataset/orthomosaic/nust.tif
Dataset/data/Image91.jpg,Dataset/orthomosaic/nust.tif
Dataset/data/Image92.jpg,Dataset/orthomosaic/nust.tif
Dataset/data/Image93.jpg,Dataset/orthomosaic/nust.tif
Dataset/data/Image94.jpg,Dataset/orthomosaic/nust.tif
Dataset/data/Image95.jpg,Dataset/orthomosaic/nust.tif
Dataset/data/Image96.jpg,Dataset/orthomosaic/nust.tif
Dataset/data/Image97.jpg,Dataset/orthomosaic/nust.tif
Dataset/data/Image98.jpg,Dataset/orthomosaic/nust.tif
Dataset/data/Image99.jpg,Dataset/orthomosaic/nust.tif
Dataset/data/Image100.jpg,Dataset/orthomosaic/nust.tif
Dataset/data/Image101.jpg,Dataset/orthomosaic/nust.tif
Dataset/data/Image102.jpg,Dataset/orthomosaic/nust.tif
Dataset/data/Image103.jpg,Dataset/orthomosaic/nust.tif
Dataset/data/Image104.jpg,Dataset/orthomosaic/nust.tif
Dataset/data/Image105.jpg,Dataset/orthomosaic/nust.tif
Dataset/data/Image106.jpg,Dataset/orthomosaic/nust.tif
Dataset/data/Image107.jpg,Dataset/orthomosaic/nust.tif
Dataset/data/Image108.jpg,Dataset/orthomosaic/nust.tif
Dataset/data/Image109.jpg,Dataset/orthomosaic/nust.tif
Dataset/data/Image110.jpg,Dataset/orthomosaic/nust.tif
Dataset/data/Image111.jpg,Dataset/orthomosaic/nust.tif
Dataset/data/Image112.jpg,Dataset/orthomosaic/nust.tif
Dataset/data/Image113.jpg,Dataset/orthomosaic/nust.tif
Dataset/data/Image114.jpg,Dataset/orthomosaic/nust.tif
Dataset/data/Image115.jpg,Dataset/orthomosaic/nust.tif
Dataset/data/Image116.jpg,Dataset/orthomosaic/nust.tif
Dataset/data/Image117.jpg,Dataset/orthomosaic/nust.tif
Dataset/data/Image118.jpg,Dataset/orthomosaic/nust.tif
Dataset/data/Image119.jpg,Dataset/orthomosaic/nust.tif
Dataset/data/Image120.jpg,Dataset/orthomosaic/nust.tif
Dataset/data/Image121.jpg,Dataset/orthomosaic/nust.tif
Dataset/data/Image122.jpg,Dataset/orthomosaic/nust.tif
Dataset/data/Image123.jpg,Dataset/orthomosaic/nust.tif
Dataset/data/Image124.jpg,Dataset/orthomosaic/nust.tif
Dataset/data/Image125.jpg,Dataset/orthomosaic/nust.tif
Dataset/data/Image126.jpg,Dataset/orthomosaic/nust.tif
Dataset/data/Image127.jpg,Dataset/orthomosaic/nust.tif
Dataset/data/Image128.jpg,Dataset/orthomosaic/nust.tif
Dataset/data/Image129.jpg,Dataset/orthomosaic/nust.tif
Dataset/data/Image130.jpg,Dataset/orthomosaic/nust.tif
Dataset/data/Image131.jpg,Dataset/orthomosaic/nust.tif
Dataset/data/Image132.jpg,Dataset/orthomosaic/nust.tif
Dataset/data/Image133.jpg,Dataset/orthomosaic/nust.tif
Dataset/data/Image134.jpg,Dataset/orthomosaic/nust.tif
Dataset/data/Image135.jpg,Dataset/orthomosaic/nust.tif
Dataset/data/Image136.jpg,Dataset/orthomosaic/nust.tif
Dataset/data/Image137.jpg,Dataset/orthomosaic/nust.tif
Dataset/data/Image138.jpg,Dataset/orthomosaic/nust.tif
Dataset/data/Image139.jpg,Dataset/orthomosaic/nust.tif
Dataset/data/Image140.jpg,Dataset/orthomosaic/nust.tif
Dataset/data/Image141.jpg,Dataset/orthomosaic/nust.tif
Dataset/data/Image142.jpg,Dataset/orthomosaic/nust.tif
Dataset/data/Image143.jpg,Dataset/orthomosaic/nust.tif
Dataset/data/Image144.jpg,Dataset/orthomosaic/nust.tif
Dataset/data/Image145.jpg,Dataset/orthomosaic/nust.tif
Dataset/data/Image146.jpg,Dataset/orthomosaic/nust.tif
Dataset/data/Image147.jpg,Dataset/orthomosaic/nust.tif
Dataset/data/Image148.jpg,Dataset/orthomosaic/nust.tif
Dataset/data/Image149.jpg,Dataset/orthomosaic/nust.tif
Dataset/data/Image150.jpg,Dataset/orthomosaic/nust.tif
Dataset/data/Image151.jpg,Dataset/orthomosaic/nust.tif
Dataset/data/Image152.jpg,Dataset/orthomosaic/nust.tif
Dataset/data/Image153.jpg,Dataset/orthomosaic/nust.tif
Dataset/data/Image154.jpg,Dataset/orthomosaic/nust.tif
Dataset/data/Image155.jpg,Dataset/orthomosaic/nust.tif
Dataset/data/Image156.jpg,Dataset/orthomosaic/nust.tif
Dataset/data/Image157.jpg,Dataset/orthomosaic/nust.tif
Dataset/data/Image158.jpg,Dataset/orthomosaic/nust.tif
Dataset/data/Image159.jpg,Dataset/orthomosaic/nust.tif
Dataset/data/Image160.jpg,Dataset/orthomosaic/nust.tif
Dataset/data/Image161.jpg,Dataset/orthomosaic/nust.tif
Dataset/data/Image162.jpg,Dataset/orthomosaic/nust.tif
Dataset/data/Image163.jpg,Dataset/orthomosaic/nust.tif
Dataset/data/Image164.jpg,Dataset/orthomosaic/nust.tif
Dataset/data/Image165.jpg,Dataset/orthomosaic/nust.tif
Dataset/data/Image166.jpg,Dataset/orthomosaic/nust.tif
Dataset/data/Image167.jpg,Dataset/orthomosaic/nust.tif
Dataset/data/Image168.jpg,Dataset/orthomosaic/nust.tif
Dataset/data/Image169.jpg,Dataset/orthomosaic/nust.tif
Dataset/data/Image170.jpg,Dataset/orthomosaic/nust.tif
Dataset/data/Image171.jpg,Dataset/orthomosaic/nust.tif
Dataset/data/Image172.jpg,Dataset/orthomosaic/nust.tif
Dataset/data/Image173.jpg,Dataset/orthomosaic/nust.tif
Dataset/data/Image174.jpg,Dataset/orthomosaic/nust.tif
Dataset/data/Image175.jpg,Dataset/orthomosaic/nust.tif
Dataset/data/Image176.jpg,Dataset/orthomosaic/nust.tif
Dataset/data/Image177.jpg,Dataset/orthomosaic/nust.tif
Dataset/data/Image178.jpg,Dataset/orthomosaic/nust.tif
Dataset/data/Image179.jpg,Dataset/orthomosaic/nust.tif
Dataset/data/Image180.jpg,Dataset/orthomosaic/nust.tif
Dataset/data/Image181.jpg,Dataset/orthomosaic/nust.tif
Dataset/data/Image182.jpg,Dataset/orthomosaic/nust.tif
Dataset/data/Image183.jpg,Dataset/orthomosaic/nust.tif
Dataset/data/Image184.jpg,Dataset/orthomosaic/nust.tif
Dataset/data/Image185.jpg,Dataset/orthomosaic/nust.tif
Dataset/data/Image186.jpg,Dataset/orthomosaic/nust.tif
Dataset/data/Image187.jpg,Dataset/orthomosaic/nust.tif
Dataset/data/Image188.jpg,Dataset/orthomosaic/nust.tif
Dataset/data/Image189.jpg,Dataset/orthomosaic/nust.tif
Dataset/data/Image190.jpg,Dataset/orthomosaic/nust.tif
Dataset/data/Image191.jpg,Dataset/orthomosaic/nust.tif
Dataset/data/Image192.jpg,Dataset/orthomosaic/nust.tif
Dataset/data/Image193.jpg,Dataset/orthomosaic/nust.tif
Dataset/data/Image194.jpg,Dataset/orthomosaic/nust.tif
Dataset/data/Image195.jpg,Dataset/orthomosaic/nust.tif
Dataset/data/Image196.jpg,Dataset/orthomosaic/nust.tif
Dataset/data/Image197.jpg,Dataset/orthomosaic/nust.tif
Dataset/data/Image198.jpg,Dataset/orthomosaic/nust.tif
Dataset/data/Image199.jpg,Dataset/orthomosaic/nust.tif
Dataset/data/Image200.jpg,Dataset/orthomosaic/nust.tif
Dataset/data/Image201.jpg,Dataset/orthomosaic/nust.tif
Dataset/data/Image202.jpg,Dataset/orthomosaic/nust.tif
Dataset/data/Image203.jpg,Dataset/orthomosaic/nust.tif
Dataset/data/Image204.jpg,Dataset/orthomosaic/nust.tif
Dataset/data/Image205.jpg,Dataset/orthomosaic/nust.tif
Dataset/data/Image206.jpg,Dataset/orthomosaic/nust.tif
Dataset/data/Image207.jpg,Dataset/orthomosaic/nust.tif
Dataset/data/Image208.jpg,Dataset/orthomosaic/nust.tif
Dataset/data/Image209.jpg,Dataset/orthomosaic/nust.tif
Dataset/data/Image210.jpg,Dataset/orthomosaic/nust.tif
Dataset/data/Image211.jpg,Dataset/orthomosaic/nust.tif
Dataset/data/Image212.jpg,Dataset/orthomosaic/nust.tif
Dataset/data/Image213.jpg,Dataset/orthomosaic/nust.tif
Dataset/data/Image214.jpg,Dataset/orthomosaic/nust.tif
Dataset/data/Image215.jpg,Dataset/orthomosaic/nust.tif
Dataset/data/Image216.jpg,Dataset/orthomosaic/nust.tif
Dataset/data/Image217.jpg,Dataset/orthomosaic/nust.tif
Dataset/data/Image218.jpg,Dataset/orthomosaic/nust.tif
Dataset/data/Image219.jpg,Dataset/orthomosaic/nust.tif
Dataset/data/Image220.jpg,Dataset/orthomosaic/nust.tif
Dataset/data/Image221.jpg,Dataset/orthomosaic/nust.tif
Dataset/data/Image222.jpg,Dataset/orthomosaic/nust.tif
Dataset/data/Image223.jpg,Dataset/orthomosaic/nust.tif
Dataset/data/Image224.jpg,Dataset/orthomosaic/nust.tif
Dataset/data/Image225.jpg,Dataset/orthomosaic/nust.tif
Dataset/data/Image226.jpg,Dataset/orthomosaic/nust.tif
Dataset/data/Image227.jpg,Dataset/orthomosaic/nust.tif
Dataset/data/Image228.jpg,Dataset/orthomosaic/nust.tif
Dataset/data/Image229.jpg,Dataset/orthomosaic/nust.tif
Dataset/data/Image230.jpg,Dataset/orthomosaic/nust.tif
Dataset/data/Image231.jpg,Dataset/orthomosaic/nust.tif
Dataset/data/Image232.jpg,Dataset/orthomosaic/nust.tif
Dataset/data/Image233.jpg,Dataset/orthomosaic/nust.tif
Dataset/data/Image234.jpg,Dataset/orthomosaic/nust.tif
Dataset/data/Image235.jpg,Dataset/orthomosaic/nust.tif
Dataset/data/Image236.jpg,Dataset/orthomosaic/nust.tif
Dataset/data/Image237.jpg,Dataset/orthomosaic/nust.tif
Dataset/data/Image238.jpg,Dataset/orthomosaic/nust.tif
Dataset/data/Image239.jpg,Dataset/orthomosaic/nust.tif
Dataset/data/Image240.jpg,Dataset/orthomosaic/nust.tif
Dataset/data/Image241.jpg,Dataset/orthomosaic/nust.tif
Dataset/data/Image242.jpg,Dataset/orthomosaic/nust.tif
Dataset/data/Image243.jpg,Dataset/orthomosaic/nust.tif
Dataset/data/Image244.jpg,Dataset/orthomosaic/nust.tif
Dataset/data/Image245.jpg,Dataset/orthomosaic/nust.tif
Dataset/data/Image246.jpg,Dataset/orthomosaic/nust.tif
Dataset/data/Image247.jpg,Dataset/orthomosaic/nust.tif
Dataset/data/Image248.jpg,Dataset/orthomosaic/nust.tif
Dataset/data/Image249.jpg,Dataset/orthomosaic/nust.tif
Dataset/data/Image250.jpg,Dataset/orthomosaic/nust.tif
Dataset/data/Image251.jpg,Dataset/orthomosaic/nust.tif
Dataset/data/Image252.jpg,Dataset/orthomosaic/nust.tif
Dataset/data/Image253.jpg,Dataset/orthomosaic/nust.tif
Dataset/data/Image254.jpg,Dataset/orthomosaic/nust.tif
Dataset/data/Image255.jpg,Dataset/orthomosaic/nust.tif
Dataset/data/Image256.jpg,Dataset/orthomosaic/nust.tif
Dataset/data/Image257.jpg,Dataset/orthomosaic/nust.tif
Dataset/data/Image258.jpg,Dataset/orthomosaic/nust.tif
Dataset/data/Image259.jpg,Dataset/orthomosaic/nust.tif
Dataset/data/Image260.jpg,Dataset/orthomosaic/nust.tif
Dataset/data/Image261.jpg,Dataset/orthomosaic/nust.tif
Dataset/data/Image262.jpg,Dataset/orthomosaic/nust.tif
Dataset/data/Image263.jpg,Dataset/orthomosaic/nust.tif
Dataset/data/Image264.jpg,Dataset/orthomosaic/nust.tif
Dataset/data/Image265.jpg,Dataset/orthomosaic/nust.tif
Dataset/data/Image266.jpg,Dataset/orthomosaic/nust.tif
Dataset/data/Image267.jpg,Dataset/orthomosaic/nust.tif
Dataset/data/Image268.jpg,Dataset/orthomosaic/nust.tif
Dataset/data/Image269.jpg,Dataset/orthomosaic/nust.tif
Dataset/data/Image270.jpg,Dataset/orthomosaic/nust.tif
Dataset/data/Image271.jpg,Dataset/orthomosaic/nust.tif
Dataset/data/Image272.jpg,Dataset/orthomosaic/nust.tif
Dataset/data/Image273.jpg,Dataset/orthomosaic/nust.tif
Dataset/data/Image274.jpg,Dataset/orthomosaic/nust.tif
Dataset/data/Image275.jpg,Dataset/orthomosaic/nust.tif
Dataset/data/Image276.jpg,Dataset/orthomosaic/nust.tif
Dataset/data/Image277.jpg,Dataset/orthomosaic/nust.tif
Dataset/data/Image278.jpg,Dataset/orthomosaic/nust.tif
Dataset/data/Image279.jpg,Dataset/orthomosaic/nust.tif
Dataset/data/Image280.jpg,Dataset/orthomosaic/nust.tif
Dataset/data/Image281.jpg,Dataset/orthomosaic/nust.tif
Dataset/data/Image282.jpg,Dataset/orthomosaic/nust.tif
Dataset/data/Image283.jpg,Dataset/orthomosaic/nust.tif
Dataset/data/Image284.jpg,Dataset/orthomosaic/nust.tif
Dataset/data/Image285.jpg,Dataset/orthomosaic/nust.tif
Dataset/data/Image286.jpg,Dataset/orthomosaic/nust.tif
Dataset/data/Image287.jpg,Dataset/orthomosaic/nust.tif
Dataset/data/Image288.jpg,Dataset/orthomosaic/nust.tif
Dataset/data/Image289.jpg,Dataset/orthomosaic/nust.tif
Dataset/data/Image290.jpg,Dataset/orthomosaic/nust.tif
Dataset/data/Image291.jpg,Dataset/orthomosaic/nust.tif
Dataset/data/Image292.jpg,Dataset/orthomosaic/nust.tif
Dataset/data/Image293.jpg,Dataset/orthomosaic/nust.tif
Dataset/data/Image294.jpg,Dataset/orthomosaic/nust.tif
Dataset/data/Image295.jpg,Dataset/orthomosaic/nust.tif
Dataset/data/Image296.jpg,Dataset/orthomosaic/nust.tif
Dataset/data/Image297.jpg,Dataset/orthomosaic/nust.tif
Dataset/data/Image298.jpg,Dataset/orthomosaic/nust.tif
Dataset/data/Image299.jpg,Dataset/orthomosaic/nust.tif
Dataset/data/Image300.jpg,Dataset/orthomosaic/nust.tif
Dataset/data/Image301.jpg,Dataset/orthomosaic/nust.tif
Dataset/data/Image302.jpg,Dataset/orthomosaic/nust.tif
Dataset/data/Image303.jpg,Dataset/orthomosaic/nust.tif
Dataset/data/Image304.jpg,Dataset/orthomosaic/nust.tif
Dataset/data/Image305.jpg,Dataset/orthomosaic/nust.tif
Dataset/data/Image306.jpg,Dataset/orthomosaic/nust.tif
Dataset/data/Image307.jpg,Dataset/orthomosaic/nust.tif
Dataset/data/Image308.jpg,Dataset/orthomosaic/nust.tif
Dataset/data/Image309.jpg,Dataset/orthomosaic/nust.tif
Dataset/data/Image310.jpg,Dataset/orthomosaic/nust.tif
Dataset/data/Image311.jpg,Dataset/orthomosaic/nust.tif
Dataset/data/Image312.jpg,Dataset/orthomosaic/nust.tif
Dataset/data/Image313.jpg,Dataset/orthomosaic/nust.tif
Dataset/data/Image314.jpg,Dataset/orthomosaic/nust.tif
Dataset/data/Image315.jpg,Dataset/orthomosaic/nust.tif
Dataset/data/Image316.jpg,Dataset/orthomosaic/nust.tif
Dataset/data/Image317.jpg,Dataset/orthomosaic/nust.tif
Dataset/data/Image318.jpg,Dataset/orthomosaic/nust.tif
Dataset/data/Image319.jpg,Dataset/orthomosaic/nust.tif
Dataset/data/Image320.jpg,Dataset/orthomosaic/nust.tif
Dataset/data/Image321.jpg,Dataset/orthomosaic/nust.tif
Dataset/data/Image322.jpg,Dataset/orthomosaic/nust.tif
Dataset/data/Image323.jpg,Dataset/orthomosaic/nust.tif
Dataset/data/Image324.jpg,Dataset/orthomosaic/nust.tif
Dataset/data/Image325.jpg,Dataset/orthomosaic/nust.tif
Dataset/data/Image326.jpg,Dataset/orthomosaic/nust.tif
Dataset/data/Image327.jpg,Dataset/orthomosaic/nust.tif
Dataset/data/Image328.jpg,Dataset/orthomosaic/nust.tif
Dataset/data/Image329.jpg,Dataset/orthomosaic/nust.tif
Dataset/data/Image330.jpg,Dataset/orthomosaic/nust.tif
Dataset/data/Image331.jpg,Dataset/orthomosaic/nust.tif
Dataset/data/Image332.jpg,Dataset/orthomosaic/nust.tif
Dataset/data/Image333.jpg,Dataset/orthomosaic/nust.tif
Dataset/data/Image334.jpg,Dataset/orthomosaic/nust.tif
Dataset/data/Image335.jpg,Dataset/orthomosaic/nust.tif
Dataset/data/Image336.jpg,Dataset/orthomosaic/nust.tif
Dataset/data/Image337.jpg,Dataset/orthomosaic/nust.tif
Dataset/data/Image338.jpg,Dataset/orthomosaic/nust.tif
Dataset/data/Image339.jpg,Dataset/orthomosaic/nust.tif
Dataset/data/Image340.jpg,Dataset/orthomosaic/nust.tif
Dataset/data/Image341.jpg,Dataset/orthomosaic/nust.tif
Dataset/data/Image342.jpg,Dataset/orthomosaic/nust.tif
Dataset/data/Image343.jpg,Dataset/orthomosaic/nust.tif
Dataset/data/Image344.jpg,Dataset/orthomosaic/nust.tif
Dataset/data/Image345.jpg,Dataset/orthomosaic/nust.tif
Dataset/data/Image346.jpg,Dataset/orthomosaic/nust.tif
Dataset/data/Image347.jpg,Dataset/orthomosaic/nust.tif
Dataset/data/Image348.jpg,Dataset/orthomosaic/nust.tif
Dataset/data/Image349.jpg,Dataset/orthomosaic/nust.tif
Dataset/data/Image350.jpg,Dataset/orthomosaic/nust.tif
Dataset/data/Image351.jpg,Dataset/orthomosaic/nust.tif
Dataset/data/Image352.jpg,Dataset/orthomosaic/nust.tif
Dataset/data/Image353.jpg,Dataset/orthomosaic/nust.tif
Dataset/data/Image354.jpg,Dataset/orthomosaic/nust.tif
Dataset/data/Image355.jpg,Dataset/orthomosaic/nust.tif
Dataset/data/Image356.jpg,Dataset/orthomosaic/nust.tif
Dataset/data/Image357.jpg,Dataset/orthomosaic/nust.tif
Dataset/data/Image358.jpg,Dataset/orthomosaic/nust.tif
Dataset/data/Image359.jpg,Dataset/orthomosaic/nust.tif
Dataset/data/Image360.jpg,Dataset/orthomosaic/nust.tif
Dataset/data/Image361.jpg,Dataset/orthomosaic/nust.tif
Dataset/data/Image362.jpg,Dataset/orthomosaic/nust.tif
Dataset/data/Image363.jpg,Dataset/orthomosaic/nust.tif
Dataset/data/Image364.jpg,Dataset/orthomosaic/nust.tif
Dataset/data/Image365.jpg,Dataset/orthomosaic/nust.tif
Dataset/data/Image366.jpg,Dataset/orthomosaic/nust.tif
Dataset/data/Image367.jpg,Dataset/orthomosaic/nust.tif
Dataset/data/Image368.jpg,Dataset/orthomosaic/nust.tif
Dataset/data/Image369.jpg,Dataset/orthomosaic/nust.tif
Dataset/data/Image370.jpg,Dataset/orthomosaic/nust.tif
Dataset/data/Image371.jpg,Dataset/orthomosaic/nust.tif
Dataset/data/Image372.jpg,Dataset/orthomosaic/nust.tif
Dataset/data/Image373.jpg,Dataset/orthomosaic/nust.tif
Dataset/data/Image374.jpg,Dataset/orthomosaic/nust.tif
Dataset/data/Image375.jpg,Dataset/orthomosaic/nust.tif
Dataset/data/Image376.jpg,Dataset/orthomosaic/nust.tif
Dataset/data/Image377.jpg,Dataset/orthomosaic/nust.tif
Dataset/data/Image378.jpg,Dataset/orthomosaic/nust.tif
Dataset/data/Image379.jpg,Dataset/orthomosaic/nust.tif
Dataset/data/Image380.jpg,Dataset/orthomosaic/nust.tif
Dataset/data/Image381.jpg,Dataset/orthomosaic/nust.tif
Dataset/data/Image382.jpg,Dataset/orthomosaic/nust.tif
Dataset/data/Image383.jpg,Dataset/orthomosaic/nust.tif
Dataset/data/Image384.jpg,Dataset/orthomosaic/nust.tif
Dataset/data/Image385.jpg,Dataset/orthomosaic/nust.tif
Dataset/data/Image386.jpg,Dataset/orthomosaic/nust.tif
Dataset/data/Image387.jpg,Dataset/orthomosaic/nust.tif
Dataset/data/Image388.jpg,Dataset/orthomosaic/nust.tif
Dataset/data/Image389.jpg,Dataset/orthomosaic/nust.tif
Dataset/data/Image390.jpg,Dataset/orthomosaic/nust.tif
Dataset/data/Image391.jpg,Dataset/orthomosaic/nust.tif
Dataset/data/Image392.jpg,Dataset/orthomosaic/nust.tif
Dataset/data/Image393.jpg,Dataset/orthomosaic/nust.tif
Dataset/data/Image394.jpg,Dataset/orthomosaic/nust.tif
Dataset/data/Image395.jpg,Dataset/orthomosaic/nust.tif
Dataset/data/Image396.jpg,Dataset/orthomosaic/nust.tif
Dataset/data/Image397.jpg,Dataset/orthomosaic/nust.tif
Dataset/data/Image398.jpg,Dataset/orthomosaic/nust.tif
Dataset/data/Image399.jpg,Dataset/orthomosaic/nust.tif
Dataset/data/Image400.jpg,Dataset/orthomosaic/nust.tif
Dataset/data/Image401.jpg,Dataset/orthomosaic/nust.tif
Dataset/data/Image402.jpg,Dataset/orthomosaic/nust.tif
Dataset/data/Image403.jpg,Dataset/orthomosaic/nust.tif
Dataset/data/Image404.jpg,Dataset/orthomosaic/nust.tif
Dataset/data/Image405.jpg,Dataset/orthomosaic/nust.tif
Dataset/data/Image406.jpg,Dataset/orthomosaic/nust.tif
Dataset/data/Image407.jpg,Dataset/orthomosaic/nust.tif
Dataset/data/Image408.jpg,Dataset/orthomosaic/nust.tif
Dataset/data/Image409.jpg,Dataset/orthomosaic/nust.tif
Dataset/data/Image410.jpg,Dataset/orthomosaic/nust.tif
Dataset/data/Image411.jpg,Dataset/orthomosaic/nust.tif
Dataset/data/Image412.jpg,Dataset/orthomosaic/nust.tif
Dataset/data/Image413.jpg,Dataset/orthomosaic/nust.tif
Dataset/data/Image414.jpg,Dataset/orthomosaic/nust.tif
Dataset/data/Image415.jpg,Dataset/orthomosaic/nust.tif
Dataset/data/Image416.jpg,Dataset/orthomosaic/nust.tif
Dataset/data/Image417.jpg,Dataset/orthomosaic/nust.tif
Dataset/data/Image418.jpg,Dataset/orthomosaic/nust.tif
Dataset/data/Image419.jpg,Dataset/orthomosaic/nust.tif
Dataset/data/Image420.jpg,Dataset/orthomosaic/nust.tif
Dataset/data/Image421.jpg,Dataset/orthomosaic/nust.tif
Dataset/data/Image422.jpg,Dataset/orthomosaic/nust.tif
Dataset/data/Image423.jpg,Dataset/orthomosaic/nust.tif
Dataset/data/Image424.jpg,Dataset/orthomosaic/nust.tif
Dataset/data/Image425.jpg,Dataset/orthomosaic/nust.tif
Dataset/data/Image426.jpg,Dataset/orthomosaic/nust.tif
Dataset/data/Image427.jpg,Dataset/orthomosaic/nust.tif
Dataset/data/Image428.jpg,Dataset/orthomosaic/nust.tif
Dataset/data/Image429.jpg,Dataset/orthomosaic/nust.tif
Dataset/data/Image430.jpg,Dataset/orthomosaic/nust.tif
Dataset/data/Image431.jpg,Dataset/orthomosaic/nust.tif
Dataset/data/Image432.jpg,Dataset/orthomosaic/nust.tif
Dataset/data/Image433.jpg,Dataset/orthomosaic/nust.tif
Dataset/data/Image434.jpg,Dataset/orthomosaic/nust.tif
Dataset/data/Image435.jpg,Dataset/orthomosaic/nust.tif
Dataset/data/Image436.jpg,Dataset/orthomosaic/nust.tif
Dataset/data/Image437.jpg,Dataset/orthomosaic/nust.tif
Dataset/data/Image438.jpg,Dataset/orthomosaic/nust.tif
Dataset/data/Image439.jpg,Dataset/orthomosaic/nust.tif
Dataset/data/Image440.jpg,Dataset/orthomosaic/nust.tif
Dataset/data/Image441.jpg,Dataset/orthomosaic/nust.tif
Dataset/data/Image442.jpg,Dataset/orthomosaic/nust.tif
Dataset/data/Image443.jpg,Dataset/orthomosaic/nust.tif
Dataset/data/Image444.jpg,Dataset/orthomosaic/nust.tif
Dataset/data/Image445.jpg,Dataset/orthomosaic/nust.tif
Dataset/data/Image446.jpg,Dataset/orthomosaic/nust.tif
Dataset/data/Image447.jpg,Dataset/orthomosaic/nust.tif
Dataset/data/Image448.jpg,Dataset/orthomosaic/nust.tif
Dataset/data/Image449.jpg,Dataset/orthomosaic/nust.tif
Dataset/data/Image450.jpg,Dataset/orthomosaic/nust.tif
Dataset/data/Image451.jpg,Dataset/orthomosaic/nust.tif
Dataset/data/Image452.jpg,Dataset/orthomosaic/nust.tif
Dataset/data/Image453.jpg,Dataset/orthomosaic/nust.tif
Dataset/data/Image454.jpg,Dataset/orthomosaic/nust.tif
Dataset/data/Image455.jpg,Dataset/orthomosaic/nust.tif
Dataset/data/Image456.jpg,Dataset/orthomosaic/nust.tif
Dataset/data/Image457.jpg,Dataset/orthomosaic/nust.tif
Dataset/data/Image458.jpg,Dataset/orthomosaic/nust.tif
Dataset/data/Image459.jpg,Dataset/orthomosaic/nust.tif
Dataset/data/Image460.jpg,Dataset/orthomosaic/nust.tif
Dataset/data/Image461.jpg,Dataset/orthomosaic/nust.tif
Dataset/data/Image462.jpg,Dataset/orthomosaic/nust.tif
Dataset/data/Image463.jpg,Dataset/orthomosaic/nust.tif
Dataset/data/Image464.jpg,Dataset/orthomosaic/nust.tif
Dataset/data/Image465.jpg,Dataset/orthomosaic/nust.tif
Dataset/data/Image466.jpg,Dataset/orthomosaic/nust.tif
Dataset/data/Image467.jpg,Dataset/orthomosaic/nust.tif
Dataset/data/Image468.jpg,Dataset/orthomosaic/nust.tif
Dataset/data/Image469.jpg,Dataset/orthomosaic/nust.tif
Dataset/data/Image470.jpg,Dataset/orthomosaic/nust.tif
Dataset/data/Image471.jpg,Dataset/orthomosaic/nust.tif
Dataset/data/Image472.jpg,Dataset/orthomosaic/nust.tif
Dataset/data/Image473.jpg,Dataset/orthomosaic/nust.tif
Dataset/data/Image474.jpg,Dataset/orthomosaic/nust.tif
Dataset/data/Image475.jpg,Dataset/orthomosaic/nust.tif
Dataset/data/Image476.jpg,Dataset/orthomosaic/nust.tif
Dataset/data/Image477.jpg,Dataset/orthomosaic/nust.tif
Dataset/data/Image478.jpg,Dataset/orthomosaic/nust.tif
Dataset/data/Image479.jpg,Dataset/orthomosaic/nust.tif
Dataset/data/Image480.jpg,Dataset/orthomosaic/nust.tif
Dataset/data/Image481.jpg,Dataset/orthomosaic/nust.tif
Dataset/data/Image482.jpg,Dataset/orthomosaic/nust.tif
Dataset/data/Image483.jpg,Dataset/orthomosaic/nust.tif
Dataset/data/Image484.jpg,Dataset/orthomosaic/nust.tif
Dataset/data/Image485.jpg,Dataset/orthomosaic/nust.tif
Dataset/data/Image486.jpg,Dataset/orthomosaic/nust.tif
Dataset/data/Image487.jpg,Dataset/orthomosaic/nust.tif
Dataset/data/Image488.jpg,Dataset/orthomosaic/nust.tif
Dataset/data/Image489.jpg,Dataset/orthomosaic/nust.tif
Dataset/data/Image490.jpg,Dataset/orthomosaic/nust.tif
Dataset/data/Image491.jpg,Dataset/orthomosaic/nust.tif
Dataset/data/Image492.jpg,Dataset/orthomosaic/nust.tif
Dataset/data/Image493.jpg,Dataset/orthomosaic/nust.tif
Dataset/data/Image494.jpg,Dataset/orthomosaic/nust.tif
Dataset/data/Image495.jpg,Dataset/orthomosaic/nust.tif
Dataset/data/Image496.jpg,Dataset/orthomosaic/nust.tif
Dataset/data/Image497.jpg,Dataset/orthomosaic/nust.tif
Dataset/data/Image498.jpg,Dataset/orthomosaic/nust.tif
Dataset/data/Image499.jpg,Dataset/orthomosaic/nust.tif
Dataset/data/Image500.jpg,Dataset/orthomosaic/nust.tif
Dataset/data/Image501.jpg,Dataset/orthomosaic/nust.tif
Dataset/data/Image502.jpg,Dataset/orthomosaic/nust.tif
Dataset/data/Image503.jpg,Dataset/orthomosaic/nust.tif
Dataset/data/Image504.jpg,Dataset/orthomosaic/nust.tif
Dataset/data/Image505.jpg,Dataset/orthomosaic/nust.tif
Dataset/data/Image506.jpg,Dataset/orthomosaic/nust.tif
Dataset/data/Image507.jpg,Dataset/orthomosaic/nust.tif
Dataset/data/Image508.jpg,Dataset/orthomosaic/nust.tif
Dataset/data/Image509.jpg,Dataset/orthomosaic/nust.tif
Dataset/data/Image510.jpg,Dataset/orthomosaic/nust.tif
Dataset/data/Image511.jpg,Dataset/orthomosaic/nust.tif
Dataset/data/Image512.jpg,Dataset/orthomosaic/nust.tif
Dataset/data/Image513.jpg,Dataset/orthomosaic/nust.tif
Dataset/data/Image514.jpg,Dataset/orthomosaic/nust.tif
Dataset/data/Image515.jpg,Dataset/orthomosaic/nust.tif
Dataset/data/Image516.jpg,Dataset/orthomosaic/nust.tif
Dataset/data/Image517.jpg,Dataset/orthomosaic/nust.tif
Dataset/data/Image518.jpg,Dataset/orthomosaic/nust.tif
Dataset/data/Image519.jpg,Dataset/orthomosaic/nust.tif
Dataset/data/Image520.jpg,Dataset/orthomosaic/nust.tif
Dataset/data/Image521.jpg,Dataset/orthomosaic/nust.tif
Dataset/data/Image522.jpg,Dataset/orthomosaic/nust.tif
Dataset/data/Image523.jpg,Dataset/orthomosaic/nust.tif
Dataset/data/Image524.jpg,Dataset/orthomosaic/nust.tif
Dataset/data/Image525.jpg,Dataset/orthomosaic/nust.tif
Dataset/data/Image526.jpg,Dataset/orthomosaic/nust.tif
Dataset/data/Image527.jpg,Dataset/orthomosaic/nust.tif
Dataset/data/Image528.jpg,Dataset/orthomosaic/nust.tif
Dataset/data/Image529.jpg,Dataset/orthomosaic/nust.tif
Dataset/data/Image530.jpg,Dataset/orthomosaic/nust.tif
Dataset/data/Image531.jpg,Dataset/orthomosaic/nust.tif
Dataset/data/Image532.jpg,Dataset/orthomosaic/nust.tif
Dataset/data/Image533.jpg,Dataset/orthomosaic/nust.tif
Dataset/data/Image534.jpg,Dataset/orthomosaic/nust.tif
Dataset/data/Image535.jpg,Dataset/orthomosaic/nust.tif
Dataset/data/Image536.jpg,Dataset/orthomosaic/nust.tif
Dataset/data/Image537.jpg,Dataset/orthomosaic/nust.tif
Dataset/data/Image538.jpg,Dataset/orthomosaic/nust.tif
Dataset/data/Image539.jpg,Dataset/orthomosaic/nust.tif
Dataset/data/Image540.jpg,Dataset/orthomosaic/nust.tif
Dataset/data/Image541.jpg,Dataset/orthomosaic/nust.tif
Dataset/data/Image542.jpg,Dataset/orthomosaic/nust.tif
Dataset/data/Image543.jpg,Dataset/orthomosaic/nust.tif
Dataset/data/Image544.jpg,Dataset/orthomosaic/nust.tif
Dataset/data/Image545.jpg,Dataset/orthomosaic/nust.tif
Dataset/data/Image546.jpg,Dataset/orthomosaic/nust.tif
Dataset/data/Image547.jpg,Dataset/orthomosaic/nust.tif
Dataset/data/Image548.jpg,Dataset/orthomosaic/nust.tif
Dataset/data/Image549.jpg,Dataset/orthomosaic/nust.tif
Dataset/data/Image550.jpg,Dataset/orthomosaic/nust.tif
Dataset/data/Image551.jpg,Dataset/orthomosaic/nust.tif
Dataset/data/Image552.jpg,Dataset/orthomosaic/nust.tif
Dataset/data/Image553.jpg,Dataset/orthomosaic/nust.tif
Dataset/data/Image554.jpg,Dataset/orthomosaic/nust.tif
Dataset/data/Image555.jpg,Dataset/orthomosaic/nust.tif
Dataset/data/Image556.jpg,Dataset/orthomosaic/nust.tif
Dataset/data/Image557.jpg,Dataset/orthomosaic/nust.tif
Dataset/data/Image558.jpg,Dataset/orthomosaic/nust.tif
Dataset/data/Image559.jpg,Dataset/orthomosaic/nust.tif
Dataset/data/Image560.jpg,Dataset/orthomosaic/nust.tif
Dataset/data/Image561.jpg,Dataset/orthomosaic/nust.tif
Dataset/data/Image562.jpg,Dataset/orthomosaic/nust.tif
Dataset/data/Image563.jpg,Dataset/orthomosaic/nust.tif
Dataset/data/Image564.jpg,Dataset/orthomosaic/nust.tif
Dataset/data/Image565.jpg,Dataset/orthomosaic/nust.tif
Dataset/data/Image566.jpg,Dataset/orthomosaic/nust.tif
Dataset/data/Image567.jpg,Dataset/orthomosaic/nust.tif
Dataset/data/Image568.jpg,Dataset/orthomosaic/nust.tif
Dataset/data/Image569.jpg,Dataset/orthomosaic/nust.tif
Dataset/data/Image570.jpg,Dataset/orthomosaic/nust.tif
Dataset/data/Image571.jpg,Dataset/orthomosaic/nust.tif
Dataset/data/Image572.jpg,Dataset/orthomosaic/nust.tif
Dataset/data/Image573.jpg,Dataset/orthomosaic/nust.tif
Dataset/data/Image574.jpg,Dataset/orthomosaic/nust.tif
Dataset/data/Image575.jpg,Dataset/orthomosaic/nust.tif
Dataset/data/Image576.jpg,Dataset/orthomosaic/nust.tif
Dataset/data/Image577.jpg,Dataset/orthomosaic/nust.tif
Dataset/data/Image578.jpg,Dataset/orthomosaic/nust.tif
Dataset/data/Image579.jpg,Dataset/orthomosaic/nust.tif
Dataset/data/Image580.jpg,Dataset/orthomosaic/nust.tif
Dataset/data/Image581.jpg,Dataset/orthomosaic/nust.tif
Dataset/data/Image582.jpg,Dataset/orthomosaic/nust.tif
Dataset/data/Image583.jpg,Dataset/orthomosaic/nust.tif
Dataset/data/Image584.jpg,Dataset/orthomosaic/nust.tif
Dataset/data/Image585.jpg,Dataset/orthomosaic/nust.tif
Dataset/data/Image586.jpg,Dataset/orthomosaic/nust.tif
Dataset/data/Image587.jpg,Dataset/orthomosaic/nust.tif
Dataset/data/Image588.jpg,Dataset/orthomosaic/nust.tif
Dataset/data/Image589.jpg,Dataset/orthomosaic/nust.tif
Dataset/data/Image590.jpg,Dataset/orthomosaic/nust.tif
Dataset/data/Image591.jpg,Dataset/orthomosaic/nust.tif
Dataset/data/Image592.jpg,Dataset/orthomosaic/nust.tif
Dataset/data/Image593.jpg,Dataset/orthomosaic/nust.tif
Dataset/data/Image594.jpg,Dataset/orthomosaic/nust.tif
Dataset/data/Image595.jpg,Dataset/orthomosaic/nust.tif
Dataset/data/Image596.jpg,Dataset/orthomosaic/nust.tif
Dataset/data/Image597.jpg,Dataset/orthomosaic/nust.tif
Dataset/data/Image598.jpg,Dataset/orthomosaic/nust.tif
Dataset/data/Image599.jpg,Dataset/orthomosaic/nust.tif
Dataset/data/Image600.jpg,Dataset/orthomosaic/nust.tif
Dataset/data/Image601.jpg,Dataset/orthomosaic/nust.tif
Dataset/data/Image602.jpg,Dataset/orthomosaic/nust.tif
Dataset/data/Image603.jpg,Dataset/orthomosaic/nust.tif
Dataset/data/Image604.jpg,Dataset/orthomosaic/nust.tif
Dataset/data/Image605.jpg,Dataset/orthomosaic/nust.tif
Dataset/data/Image606.jpg,Dataset/orthomosaic/nust.tif
Dataset/data/Image607.jpg,Dataset/orthomosaic/nust.tif
Dataset/data/Image608.jpg,Dataset/orthomosaic/nust.tif
Dataset/data/Image609.jpg,Dataset/orthomosaic/nust.tif
Dataset/data/Image610.jpg,Dataset/orthomosaic/nust.tif
Dataset/data/Image611.jpg,Dataset/orthomosaic/nust.tif
Dataset/data/Image612.jpg,Dataset/orthomosaic/nust.tif
Dataset/data/Image613.jpg,Dataset/orthomosaic/nust.tif
Dataset/data/Image614.jpg,Dataset/orthomosaic/nust.tif
Dataset/data/Image615.jpg,Dataset/orthomosaic/nust.tif
Dataset/data/Image616.jpg,Dataset/orthomosaic/nust.tif
Dataset/data/Image617.jpg,Dataset/orthomosaic/nust.tif
Dataset/data/Image618.jpg,Dataset/orthomosaic/nust.tif
Dataset/data/Image619.jpg,Dataset/orthomosaic/nust.tif
Dataset/data/Image620.jpg,Dataset/orthomosaic/nust.tif
Dataset/data/Image621.jpg,Dataset/orthomosaic/nust.tif
Dataset/data/Image622.jpg,Dataset/orthomosaic/nust.tif
Dataset/data/Image623.jpg,Dataset/orthomosaic/nust.tif
Dataset/data/Image624.jpg,Dataset/orthomosaic/nust.tif
Dataset/data/Image625.jpg,Dataset/orthomosaic/nust.tif
Dataset/data/Image626.jpg,Dataset/orthomosaic/nust.tif
Dataset/data/Image627.jpg,Dataset/orthomosaic/nust.tif
Dataset/data/Image628.jpg,Dataset/orthomosaic/nust.tif
Dataset/data/Image629.jpg,Dataset/orthomosaic/nust.tif
Dataset/data/Image630.jpg,Dataset/orthomosaic/nust.tif
Dataset/data/Image631.jpg,Dataset/orthomosaic/nust.tif
Dataset/data/Image632.jpg,Dataset/orthomosaic/nust.tif
Dataset/data/Image633.jpg,Dataset/orthomosaic/nust.tif
Dataset/data/Image634.jpg,Dataset/orthomosaic/nust.tif
Dataset/data/Image635.jpg,Dataset/orthomosaic/nust.tif
Dataset/data/Image636.jpg,Dataset/orthomosaic/nust.tif
Dataset/data/Image637.jpg,Dataset/orthomosaic/nust.tif
Dataset/data/Image638.jpg,Dataset/orthomosaic/nust.tif
Dataset/data/Image639.jpg,Dataset/orthomosaic/nust.tif
Dataset/data/Image640.jpg,Dataset/orthomosaic/nust.tif
Dataset/data/Image641.jpg,Dataset/orthomosaic/nust.tif
Dataset/data/Image642.jpg,Dataset/orthomosaic/nust.tif
Dataset/data/Image643.jpg,Dataset/orthomosaic/nust.tif
Dataset/data/Image644.jpg,Dataset/orthomosaic/nust.tif
Dataset/data/Image645.jpg,Dataset/orthomosaic/nust.tif
Dataset/data/Image646.jpg,Dataset/orthomosaic/nust.tif
Dataset/data/Image647.jpg,Dataset/orthomosaic/nust.tif
Dataset/data/Image648.jpg,Dataset/orthomosaic/nust.tif
Dataset/data/Image649.jpg,Dataset/orthomosaic/nust.tif
Dataset/data/Image650.jpg,Dataset/orthomosaic/nust.tif
Dataset/data/Image651.jpg,Dataset/orthomosaic/nust.tif
Dataset/data/Image652.jpg,Dataset/orthomosaic/nust.tif
Dataset/data/Image653.jpg,Dataset/orthomosaic/nust.tif
Dataset/data/Image654.jpg,Dataset/orthomosaic/nust.tif
Dataset/data/Image655.jpg,Dataset/orthomosaic/nust.tif
Dataset/data/Image656.jpg,Dataset/orthomosaic/nust.tif
Dataset/data/Image657.jpg,Dataset/orthomosaic/nust.tif
Dataset/data/Image658.jpg,Dataset/orthomosaic/nust.tif
Dataset/data/Image659.jpg,Dataset/orthomosaic/nust.tif
Dataset/data/Image660.jpg,Dataset/orthomosaic/nust.tif
Dataset/data/Image661.jpg,Dataset/orthomosaic/nust.tif
Dataset/data/Image662.jpg,Dataset/orthomosaic/nust.tif
Dataset/data/Image663.jpg,Dataset/orthomosaic/nust.tif
Dataset/data/Image664.jpg,Dataset/orthomosaic/nust.tif
Dataset/data/Image665.jpg,Dataset/orthomosaic/nust.tif
Dataset/data/Image666.jpg,Dataset/orthomosaic/nust.tif
Dataset/data/Image667.jpg,Dataset/orthomosaic/nust.tif
Dataset/data/Image668.jpg,Dataset/orthomosaic/nust.tif
Dataset/data/Image669.jpg,Dataset/orthomosaic/nust.tif
Dataset/data/Image670.jpg,Dataset/orthomosaic/nust.tif
Dataset/data/Image671.jpg,Dataset/orthomosaic/nust.tif
Dataset/data/Image672.jpg,Dataset/orthomosaic/nust.tif
Dataset/data/Image673.jpg,Dataset/orthomosaic/nust.tif
Dataset/data/Image674.jpg,Dataset/orthomosaic/nust.tif
Dataset/data/Image675.jpg,Dataset/orthomosaic/nust.tif
Dataset/data/Image676.jpg,Dataset/orthomosaic/nust.tif
Dataset/data/Image677.jpg,Dataset/orthomosaic/nust.tif
Dataset/data/Image678.jpg,Dataset/orthomosaic/nust.tif
Dataset/data/Image679.jpg,Dataset/orthomosaic/nust.tif
Dataset/data/Image680.jpg,Dataset/orthomosaic/nust.tif
Dataset/data/Image681.jpg,Dataset/orthomosaic/nust.tif
Dataset/data/Image682.jpg,Dataset/orthomosaic/nust.tif
Dataset/data/Image683.jpg,Dataset/orthomosaic/nust.tif
Dataset/data/Image684.jpg,Dataset/orthomosaic/nust.tif
Dataset/data/Image685.jpg,Dataset/orthomosaic/nust.tif
Dataset/data/Image686.jpg,Dataset/orthomosaic/nust.tif
Dataset/data/Image687.jpg,Dataset/orthomosaic/nust.tif
Dataset/data/Image688.jpg,Dataset/orthomosaic/nust.tif
Dataset/data/Image689.jpg,Dataset/orthomosaic/nust.tif
Dataset/data/Image690.jpg,Dataset/orthomosaic/nust.tif
Dataset/data/Image691.jpg,Dataset/orthomosaic/nust.tif
Dataset/data/Image692.jpg,Dataset/orthomosaic/nust.tif
Dataset/data/Image693.jpg,Dataset/orthomosaic/nust.tif
Dataset/data/Image694.jpg,Dataset/orthomosaic/nust.tif
Dataset/data/Image695.jpg,Dataset/orthomosaic/nust.tif
Dataset/data/Image696.jpg,Dataset/orthomosaic/nust.tif
Dataset/data/Image697.jpg,Dataset/orthomosaic/nust.tif
Dataset/data/Image698.jpg,Dataset/orthomosaic/nust.tif
Dataset/data/Image699.jpg,Dataset/orthomosaic/nust.tif
Dataset/data/Image700.jpg,Dataset/orthomosaic/nust.tif
Dataset/data/Image701.jpg,Dataset/orthomosaic/nust.tif
Dataset/data/Image702.jpg,Dataset/orthomosaic/nust.tif
Dataset/data/Image703.jpg,Dataset/orthomosaic/nust.tif
Dataset/data/Image704.jpg,Dataset/orthomosaic/nust.tif
Dataset/data/Image705.jpg,Dataset/orthomosaic/nust.tif
Dataset/data/Image706.jpg,Dataset/orthomosaic/nust.tif
Dataset/data/Image707.jpg,Dataset/orthomosaic/nust.tif
Dataset/data/Image708.jpg,Dataset/orthomosaic/nust.tif
Dataset/data/Image709.jpg,Dataset/orthomosaic/nust.tif
Dataset/data/Image710.jpg,Dataset/orthomosaic/nust.tif
Dataset/data/Image711.jpg,Dataset/orthomosaic/nust.tif
Dataset/data/Image712.jpg,Dataset/orthomosaic/nust.tif
Dataset/data/Image713.jpg,Dataset/orthomosaic/nust.tif
Dataset/data/Image714.jpg,Dataset/orthomosaic/nust.tif
Dataset/data/Image715.jpg,Dataset/orthomosaic/nust.tif
Dataset/data/Image716.jpg,Dataset/orthomosaic/nust.tif
Dataset/data/Image717.jpg,Dataset/orthomosaic/nust.tif
Dataset/data/Image718.jpg,Dataset/orthomosaic/nust.tif
Dataset/data/Image719.jpg,Dataset/orthomosaic/nust.tif
Dataset/data/Image720.jpg,Dataset/orthomosaic/nust.tif
Dataset/data/Image721.jpg,Dataset/orthomosaic/nust.tif
Dataset/data/Image722.jpg,Dataset/orthomosaic/nust.tif
Dataset/data/Image723.jpg,Dataset/orthomosaic/nust.tif
Dataset/data/Image724.jpg,Dataset/orthomosaic/nust.tif
Dataset/data/Image725.jpg,Dataset/orthomosaic/nust.tif
Dataset/data/Image726.jpg,Dataset/orthomosaic/nust.tif
Dataset/data/Image727.jpg,Dataset/orthomosaic/nust.tif
Dataset/data/Image728.jpg,Dataset/orthomosaic/nust.tif
Dataset/data/Image729.jpg,Dataset/orthomosaic/nust.tif
Dataset/data/Image730.jpg,Dataset/orthomosaic/nust.tif
Dataset/data/Image731.jpg,Dataset/orthomosaic/nust.tif
Dataset/data/Image732.jpg,Dataset/orthomosaic/nust.tif
Dataset/data/Image733.jpg,Dataset/orthomosaic/nust.tif
Dataset/data/Image734.jpg,Dataset/orthomosaic/nust.tif
Dataset/data/Image735.jpg,Dataset/orthomosaic/nust.tif
Dataset/data/Image736.jpg,Dataset/orthomosaic/nust.tif
Dataset/data/Image737.jpg,Dataset/orthomosaic/nust.tif
Dataset/data/Image738.jpg,Dataset/orthomosaic/nust.tif
Dataset/data/Image739.jpg,Dataset/orthomosaic/nust.tif
Dataset/data/Image740.jpg,Dataset/orthomosaic/nust.tif
Dataset/data/Image741.jpg,Dataset/orthomosaic/nust.tif
Dataset/data/Image742.jpg,Dataset/orthomosaic/nust.tif
Dataset/data/Image743.jpg,Dataset/orthomosaic/nust.tif
Dataset/data/Image744.jpg,Dataset/orthomosaic/nust.tif
Dataset/data/Image745.jpg,Dataset/orthomosaic/nust.tif
Dataset/data/Image746.jpg,Dataset/orthomosaic/nust.tif
Dataset/data/Image747.jpg,Dataset/orthomosaic/nust.tif
Dataset/data/Image748.jpg,Dataset/orthomosaic/nust.tif
Dataset/data/Image749.jpg,Dataset/orthomosaic/nust.tif
Dataset/data/Image750.jpg,Dataset/orthomosaic/nust.tif
Dataset/data/Image751.jpg,Dataset/orthomosaic/nust.tif
Dataset/data/Image752.jpg,Dataset/orthomosaic/nust.tif
Dataset/data/Image753.jpg,Dataset/orthomosaic/nust.tif
Dataset/data/Image754.jpg,Dataset/orthomosaic/nust.tif
Dataset/data/Image755.jpg,Dataset/orthomosaic/nust.tif
Dataset/data/Image756.jpg,Dataset/orthomosaic/nust.tif
Dataset/data/Image757.jpg,Dataset/orthomosaic/nust.tif
Dataset/data/Image758.jpg,Dataset/orthomosaic/nust.tif
Dataset/data/Image759.jpg,Dataset/orthomosaic/nust.tif
Dataset/data/Image760.jpg,Dataset/orthomosaic/nust.tif
Dataset/data/Image761.jpg,Dataset/orthomosaic/nust.tif
Dataset/data/Image762.jpg,Dataset/orthomosaic/nust.tif
Dataset/data/Image763.jpg,Dataset/orthomosaic/nust.tif
Dataset/data/Image764.jpg,Dataset/orthomosaic/nust.tif
Dataset/data/Image765.jpg,Dataset/orthomosaic/nust.tif
Dataset/data/Image766.jpg,Dataset/orthomosaic/nust.tif
Dataset/data/Image767.jpg,Dataset/orthomosaic/nust.tif
Dataset/data/Image768.jpg,Dataset/orthomosaic/nust.tif
Dataset/data/Image769.jpg,Dataset/orthomosaic/nust.tif
Dataset/data/Image770.jpg,Dataset/orthomosaic/nust.tif
Dataset/data/Image771.jpg,Dataset/orthomosaic/nust.tif
Dataset/data/Image772.jpg,Dataset/orthomosaic/nust.tif
Dataset/data/Image773.jpg,Dataset/orthomosaic/nust.tif
Dataset/data/Image774.jpg,Dataset/orthomosaic/nust.tif
Dataset/data/Image775.jpg,Dataset/orthomosaic/nust.tif
Dataset/data/Image776.jpg,Dataset/orthomosaic/nust.tif
Dataset/data/Image777.jpg,Dataset/orthomosaic/nust.tif
Dataset/data/Image778.jpg,Dataset/orthomosaic/nust.tif
Dataset/data/Image779.jpg,Dataset/orthomosaic/nust.tif
Dataset/data/Image780.jpg,Dataset/orthomosaic/nust.tif
Dataset/data/Image781.jpg,Dataset/orthomosaic/nust.tif
Dataset/data/Image782.jpg,Dataset/orthomosaic/nust.tif
Dataset/data/Image783.jpg,Dataset/orthomosaic/nust.tif
Dataset/data/Image784.jpg,Dataset/orthomosaic/nust.tif
Dataset/data/Image785.jpg,Dataset/orthomosaic/nust.tif
Dataset/data/Image786.jpg,Dataset/orthomosaic/nust.tif
Dataset/data/Image787.jpg,Dataset/orthomosaic/nust.tif
Dataset/data/Image788.jpg,Dataset/orthomosaic/nust.tif
Dataset/data/Image789.jpg,Dataset/orthomosaic/nust.tif
Dataset/data/Image790.jpg,Dataset/orthomosaic/nust.tif
Dataset/data/Image791.jpg,Dataset/orthomosaic/nust.tif
Dataset/data/Image792.jpg,Dataset/orthomosaic/nust.tif
Dataset/data/Image793.jpg,Dataset/orthomosaic/nust.tif
Dataset/data/Image794.jpg,Dataset/orthomosaic/nust.tif
Dataset/data/Image795.jpg,Dataset/orthomosaic/nust.tif
Dataset/data/Image796.jpg,Dataset/orthomosaic/nust.tif
Dataset/data/Image797.jpg,Dataset/orthomosaic/nust.tif
Dataset/data/Image798.jpg,Dataset/orthomosaic/nust.tif
Dataset/data/Image799.jpg,Dataset/orthomosaic/nust.tif
Dataset/data/Image800.jpg,Dataset/orthomosaic/nust.tif
Dataset/data/Image801.jpg,Dataset/orthomosaic/nust.tif
Dataset/data/Image802.jpg,Dataset/orthomosaic/nust.tif
Dataset/data/Image803.jpg,Dataset/orthomosaic/nust.tif
Dataset/data/Image804.jpg,Dataset/orthomosaic/nust.tif
Dataset/data/Image805.jpg,Dataset/orthomosaic/nust.tif
Dataset/data/Image806.jpg,Dataset/orthomosaic/nust.tif
Dataset/data/Image807.jpg,Dataset/orthomosaic/nust.tif
Dataset/data/Image808.jpg,Dataset/orthomosaic/nust.tif
Dataset/data/Image809.jpg,Dataset/orthomosaic/nust.tif
Dataset/data/Image810.jpg,Dataset/orthomosaic/nust.tif
Dataset/data/Image811.jpg,Dataset/orthomosaic/nust.tif
Dataset/data/Image812.jpg,Dataset/orthomosaic/nust.tif
Dataset/data/Image813.jpg,Dataset/orthomosaic/nust.tif
Dataset/data/Image814.jpg,Dataset/orthomosaic/nust.tif
Dataset/data/Image815.jpg,Dataset/orthomosaic/nust.tif
Dataset/data/Image816.jpg,Dataset/orthomosaic/nust.tif
Dataset/data/Image817.jpg,Dataset/orthomosaic/nust.tif
Dataset/data/Image818.jpg,Dataset/orthomosaic/nust.tif
Dataset/data/Image819.jpg,Dataset/orthomosaic/nust.tif
Dataset/data/Image820.jpg,Dataset/orthomosaic/nust.tif
Dataset/data/Image821.jpg,Dataset/orthomosaic/nust.tif
Dataset/data/Image822.jpg,Dataset/orthomosaic/nust.tif
Dataset/data/Image823.jpg,Dataset/orthomosaic/nust.tif
Dataset/data/Image824.jpg,Dataset/orthomosaic/nust.tif
Dataset/data/Image825.jpg,Dataset/orthomosaic/nust.tif
Dataset/data/Image826.jpg,Dataset/orthomosaic/nust.tif
Dataset/data/Image827.jpg,Dataset/orthomosaic/nust.tif
Dataset/data/Image828.jpg,Dataset/orthomosaic/nust.tif
Dataset/data/Image829.jpg,Dataset/orthomosaic/nust.tif
Dataset/data/Image830.jpg,Dataset/orthomosaic/nust.tif
Dataset/data/Image831.jpg,Dataset/orthomosaic/nust.tif
Dataset/data/Image832.jpg,Dataset/orthomosaic/nust.tif
Dataset/data/Image833.jpg,Dataset/orthomosaic/nust.tif
Dataset/data/Image834.jpg,Dataset/orthomosaic/nust.tif
Dataset/data/Image835.jpg,Dataset/orthomosaic/nust.tif
Dataset/data/Image836.jpg,Dataset/orthomosaic/nust.tif
Dataset/data/Image837.jpg,Dataset/orthomosaic/nust.tif
Dataset/data/Image838.jpg,Dataset/orthomosaic/nust.tif
Dataset/data/Image839.jpg,Dataset/orthomosaic/nust.tif
Dataset/data/Image840.jpg,Dataset/orthomosaic/nust.tif
Dataset/data/Image841.jpg,Dataset/orthomosaic/nust.tif
Dataset/data/Image842.jpg,Dataset/orthomosaic/nust.tif
Dataset/data/Image843.jpg,Dataset/orthomosaic/nust.tif
Dataset/data/Image844.jpg,Dataset/orthomosaic/nust.tif
Dataset/data/Image845.jpg,Dataset/orthomosaic/nust.tif
Dataset/data/Image846.jpg,Dataset/orthomosaic/nust.tif
Dataset/data/Image847.jpg,Dataset/orthomosaic/nust.tif
Dataset/data/Image848.jpg,Dataset/orthomosaic/nust.tif
Dataset/data/Image849.jpg,Dataset/orthomosaic/nust.tif
Dataset/data/Image850.jpg,Dataset/orthomosaic/nust.tif
Dataset/data/Image851.jpg,Dataset/orthomosaic/nust.tif
Dataset/data/Image852.jpg,Dataset/orthomosaic/nust.tif
Dataset/data/Image853.jpg,Dataset/orthomosaic/nust.tif
Dataset/data/Image854.jpg,Dataset/orthomosaic/nust.tif
Dataset/data/Image855.jpg,Dataset/orthomosaic/nust.tif
Dataset/data/Image856.jpg,Dataset/orthomosaic/nust.tif
Dataset/data/Image857.jpg,Dataset/orthomosaic/nust.tif
Dataset/data/Image858.jpg,Dataset/orthomosaic/nust.tif
Dataset/data/Image859.jpg,Dataset/orthomosaic/nust.tif
Dataset/data/Image860.jpg,Dataset/orthomosaic/nust.tif
Dataset/data/Image861.jpg,Dataset/orthomosaic/nust.tif
Dataset/data/Image862.jpg,Dataset/orthomosaic/nust.tif
Dataset/data/Image863.jpg,Dataset/orthomosaic/nust.tif
Dataset/data/Image864.jpg,Dataset/orthomosaic/nust.tif
Dataset/data/Image865.jpg,Dataset/orthomosaic/nust.tif
Dataset/data/Image866.jpg,Dataset/orthomosaic/nust.tif
Dataset/data/Image867.jpg,Dataset/orthomosaic/nust.tif
Dataset/data/Image868.jpg,Dataset/orthomosaic/nust.tif
Dataset/data/Image869.jpg,Dataset/orthomosaic/nust.tif
Dataset/data/Image870.jpg,Dataset/orthomosaic/nust.tif
Dataset/data/Image871.jpg,Dataset/orthomosaic/nust.tif
Dataset/data/Image872.jpg,Dataset/orthomosaic/nust.tif
Dataset/data/Image873.jpg,Dataset/orthomosaic/nust.tif
Dataset/data/Image874.jpg,Dataset/orthomosaic/nust.tif
Dataset/data/Image875.jpg,Dataset/orthomosaic/nust.tif
Dataset/data/Image876.jpg,Dataset/orthomosaic/nust.tif
Dataset/data/Image877.jpg,Dataset/orthomosaic/nust.tif
Dataset/data/Image878.jpg,Dataset/orthomosaic/nust.tif
Dataset/data/Image879.jpg,Dataset/orthomosaic/nust.tif
Dataset/data/Image880.jpg,Dataset/orthomosaic/nust.tif
Dataset/data/Image881.jpg,Dataset/orthomosaic/nust.tif
Dataset/data/Image882.jpg,Dataset/orthomosaic/nust.tif
Dataset/data/Image883.jpg,Dataset/orthomosaic/nust.tif
Dataset/data/Image884.jpg,Dataset/orthomosaic/nust.tif
Dataset/data/Image885.jpg,Dataset/orthomosaic/nust.tif
Dataset/data/Image886.jpg,Dataset/orthomosaic/nust.tif
Dataset/data/Image887.jpg,Dataset/orthomosaic/nust.tif
Dataset/data/Image888.jpg,Dataset/orthomosaic/nust.tif
Dataset/data/Image889.jpg,Dataset/orthomosaic/nust.tif
Dataset/data/Image890.jpg,Dataset/orthomosaic/nust.tif
Dataset/data/Image891.jpg,Dataset/orthomosaic/nust.tif
Dataset/data/Image892.jpg,Dataset/orthomosaic/nust.tif
Dataset/data/Image893.jpg,Dataset/orthomosaic/nust.tif
Dataset/data/Image894.jpg,Dataset/orthomosaic/nust.tif
Dataset/data/Image895.jpg,Dataset/orthomosaic/nust.tif
Dataset/data/Image896.jpg,Dataset/orthomosaic/nust.tif
Dataset/data/Image897.jpg,Dataset/orthomosaic/nust.tif
Dataset/data/Image898.jpg,Dataset/orthomosaic/nust.tif
Dataset/data/Image899.jpg,Dataset/orthomosaic/nust.tif
Dataset/data/Image900.jpg,Dataset/orthomosaic/nust.tif
Dataset/data/Image901.jpg,Dataset/orthomosaic/nust.tif
Dataset/data/Image902.jpg,Dataset/orthomosaic/nust.tif
Dataset/data/Image903.jpg,Dataset/orthomosaic/nust.tif
Dataset/data/Image904.jpg,Dataset/orthomosaic/nust.tif
Dataset/data/Image905.jpg,Dataset/orthomosaic/nust.tif
Dataset/data/Image906.jpg,Dataset/orthomosaic/nust.tif
Dataset/data/Image907.jpg,Dataset/orthomosaic/nust.tif
Dataset/data/Image908.jpg,Dataset/orthomosaic/nust.tif
Dataset/data/Image909.jpg,Dataset/orthomosaic/nust.tif
Dataset/data/Image910.jpg,Dataset/orthomosaic/nust.tif
Dataset/data/Image911.jpg,Dataset/orthomosaic/nust.tif
Dataset/data/Image912.jpg,Dataset/orthomosaic/nust.tif
Dataset/data/Image913.jpg,Dataset/orthomosaic/nust.tif
Dataset/data/Image914.jpg,Dataset/orthomosaic/nust.tif
Dataset/data/Image915.jpg,Dataset/orthomosaic/nust.tif
Dataset/data/Image916.jpg,Dataset/orthomosaic/nust.tif
Dataset/data/Image917.jpg,Dataset/orthomosaic/nust.tif
Dataset/data/Image918.jpg,Dataset/orthomosaic/nust.tif
Dataset/data/Image919.jpg,Dataset/orthomosaic/nust.tif
Dataset/data/Image920.jpg,Dataset/orthomosaic/nust.tif
Dataset/data/Image921.jpg,Dataset/orthomosaic/nust.tif
Dataset/data/Image922.jpg,Dataset/orthomosaic/nust.tif
Dataset/data/Image923.jpg,Dataset/orthomosaic/nust.tif
Dataset/data/Image924.jpg,Dataset/orthomosaic/nust.tif
Dataset/data/Image925.jpg,Dataset/orthomosaic/nust.tif
Dataset/data/Image926.jpg,Dataset/orthomosaic/nust.tif
Dataset/data/Image927.jpg,Dataset/orthomosaic/nust.tif
Dataset/data/Image928.jpg,Dataset/orthomosaic/nust.tif
Dataset/data/Image929.jpg,Dataset/orthomosaic/nust.tif
Dataset/data/Image930.jpg,Dataset/orthomosaic/nust.tif
Dataset/data/Image931.jpg,Dataset/orthomosaic/nust.tif
Dataset/data/Image932.jpg,Dataset/orthomosaic/nust.tif
Dataset/data/Image933.jpg,Dataset/orthomosaic/nust.tif
Dataset/data/Image934.jpg,Dataset/orthomosaic/nust.tif
Dataset/data/Image935.jpg,Dataset/orthomosaic/nust.tif
Dataset/data/Image936.jpg,Dataset/orthomosaic/nust.tif
Dataset/data/Image937.jpg,Dataset/orthomosaic/nust.tif
Dataset/data/Image938.jpg,Dataset/orthomosaic/nust.tif
Dataset/data/Image939.jpg,Dataset/orthomosaic/nust.tif
Dataset/data/Image940.jpg,Dataset/orthomosaic/nust.tif
Dataset/data/Image941.jpg,Dataset/orthomosaic/nust.tif
Dataset/data/Image942.jpg,Dataset/orthomosaic/nust.tif
Dataset/data/Image943.jpg,Dataset/orthomosaic/nust.tif
Dataset/data/Image944.jpg,Dataset/orthomosaic/nust.tif
Dataset/data/Image945.jpg,Dataset/orthomosaic/nust.tif
Dataset/data/Image946.jpg,Dataset/orthomosaic/nust.tif
Dataset/data/Image947.jpg,Dataset/orthomosaic/nust.tif
Dataset/data/Image948.jpg,Dataset/orthomosaic/nust.tif
Dataset/data/Image949.jpg,Dataset/orthomosaic/nust.tif
Dataset/data/Image950.jpg,Dataset/orthomosaic/nust.tif
Dataset/data/Image951.jpg,Dataset/orthomosaic/nust.tif
Dataset/data/Image952.jpg,Dataset/orthomosaic/nust.tif
Dataset/data/Image953.jpg,Dataset/orthomosaic/nust.tif
Dataset/data/Image954.jpg,Dataset/orthomosaic/nust.tif
Dataset/data/Image955.jpg,Dataset/orthomosaic/nust.tif
Dataset/data/Image956.jpg,Dataset/orthomosaic/nust.tif
Dataset/data/Image957.jpg,Dataset/orthomosaic/nust.tif
Dataset/data/Image958.jpg,Dataset/orthomosaic/nust.tif
Dataset/data/Image959.jpg,Dataset/orthomosaic/nust.tif
Dataset/data/Image960.jpg,Dataset/orthomosaic/nust.tif
Dataset/data/Image961.jpg,Dataset/orthomosaic/nust.tif
Dataset/data/Image962.jpg,Dataset/orthomosaic/nust.tif
Dataset/data/Image963.jpg,Dataset/orthomosaic/nust.tif
Dataset/data/Image964.jpg,Dataset/orthomosaic/nust.tif
Dataset/data/Image965.jpg,Dataset/orthomosaic/nust.tif
Dataset/data/Image966.jpg,Dataset/orthomosaic/nust.tif
Dataset/data/Image967.jpg,Dataset/orthomosaic/nust.tif
Dataset/data/Image968.jpg,Dataset/orthomosaic/nust.tif
Dataset/data/Image969.jpg,Dataset/orthomosaic/nust.tif
Dataset/data/Image970.jpg,Dataset/orthomosaic/nust.tif
Dataset/data/Image971.jpg,Dataset/orthomosaic/nust.tif
Dataset/data/Image972.jpg,Dataset/orthomosaic/nust.tif
Dataset/data/Image973.jpg,Dataset/orthomosaic/nust.tif
Dataset/data/Image974.jpg,Dataset/orthomosaic/nust.tif
Dataset/data/Image975.jpg,Dataset/orthomosaic/nust.tif
Dataset/data/Image976.jpg,Dataset/orthomosaic/nust.tif
Dataset/data/Image977.jpg,Dataset/orthomosaic/nust.tif
Dataset/data/Image978.jpg,Dataset/orthomosaic/nust.tif
Dataset/data/Image979.jpg,Dataset/orthomosaic/nust.tif
Dataset/data/Image980.jpg,Dataset/orthomosaic/nust.tif
Dataset/data/Image981.jpg,Dataset/orthomosaic/nust.tif
Dataset/data/Image982.jpg,Dataset/orthomosaic/nust.tif
Dataset/data/Image983.jpg,Dataset/orthomosaic/nust.tif
Dataset/data/Image984.jpg,Dataset/orthomosaic/nust.tif
Dataset/data/Image985.jpg,Dataset/orthomosaic/nust.tif
Dataset/data/Image986.jpg,Dataset/orthomosaic/nust.tif
Dataset/data/Image987.jpg,Dataset/orthomosaic/nust.tif
Dataset/data/Image988.jpg,Dataset/orthomosaic/nust.tif
Dataset/data/Image989.jpg,Dataset/orthomosaic/nust.tif
Dataset/data/Image990.jpg,Dataset/orthomosaic/nust.tif
Dataset/data/Image991.jpg,Dataset/orthomosaic/nust.tif
Dataset/data/Image992.jpg,Dataset/orthomosaic/nust.tif
Dataset/data/Image993.jpg,Dataset/orthomosaic/nust.tif
Dataset/data/Image994.jpg,Dataset/orthomosaic/nust.tif
Dataset/data/Image995.jpg,Dataset/orthomosaic/nust.tif
Dataset/data/Image996.jpg,Dataset/orthomosaic/nust.tif
Dataset/data/Image997.jpg,Dataset/orthomosaic/nust.tif
Dataset/data/Image998.jpg,Dataset/orthomosaic/nust.tif
Dataset/data/Image999.jpg,Dataset/orthomosaic/nust.tif
Dataset/data/Image1000.jpg,Dataset/orthomosaic/nust.tif
Dataset/data/Image1001.jpg,Dataset/orthomosaic/nust.tif
Dataset/data/Image1002.jpg,Dataset/orthomosaic/nust.tif
Dataset/data/Image1003.jpg,Dataset/orthomosaic/nust.tif
Dataset/data/Image1004.jpg,Dataset/orthomosaic/nust.tif
Dataset/data/Image1005.jpg,Dataset/orthomosaic/nust.tif
Dataset/data/Image1006.jpg,Dataset/orthomosaic/nust.tif
Dataset/data/Image1007.jpg,Dataset/orthomosaic/nust.tif
Dataset/data/Image1008.jpg,Dataset/orthomosaic/nust.tif
Dataset/data/Image1009.jpg,Dataset/orthomosaic/nust.tif
Dataset/data/Image1010.jpg,Dataset/orthomosaic/nust.tif
Dataset/data/Image1011.jpg,Dataset/orthomosaic/nust.tif
Dataset/data/Image1012.jpg,Dataset/orthomosaic/nust.tif
Dataset/data/Image1013.jpg,Dataset/orthomosaic/nust.tif
Dataset/data/Image1014.jpg,Dataset/orthomosaic/nust.tif
Dataset/data/Image1015.jpg,Dataset/orthomosaic/nust.tif
Dataset/data/Image1016.jpg,Dataset/orthomosaic/nust.tif
Dataset/data/Image1017.jpg,Dataset/orthomosaic/nust.tif
Dataset/data/Image1018.jpg,Dataset/orthomosaic/nust.tif
Dataset/data/Image1019.jpg,Dataset/orthomosaic/nust.tif
Dataset/data/Image1020.jpg,Dataset/orthomosaic/nust.tif
Dataset/data/Image1021.jpg,Dataset/orthomosaic/nust.tif
Dataset/data/Image1022.jpg,Dataset/orthomosaic/nust.tif
Dataset/data/Image1023.jpg,Dataset/orthomosaic/nust.tif
Dataset/data/Image1024.jpg,Dataset/orthomosaic/nust.tif
Dataset/data/Image1025.jpg,Dataset/orthomosaic/nust.tif
Dataset/data/Image1026.jpg,Dataset/orthomosaic/nust.tif
Dataset/data/Image1027.jpg,Dataset/orthomosaic/nust.tif
Dataset/data/Image1028.jpg,Dataset/orthomosaic/nust.tif
Dataset/data/Image1029.jpg,Dataset/orthomosaic/nust.tif
Dataset/data/Image1030.jpg,Dataset/orthomosaic/nust.tif
Dataset/data/Image1031.jpg,Dataset/orthomosaic/nust.tif
Dataset/data/Image1032.jpg,Dataset/orthomosaic/nust.tif
Dataset/data/Image1033.jpg,Dataset/orthomosaic/nust.tif
Dataset/data/Image1034.jpg,Dataset/orthomosaic/nust.tif
Dataset/data/Image1035.jpg,Dataset/orthomosaic/nust.tif
Dataset/data/Image1036.jpg,Dataset/orthomosaic/nust.tif
Dataset/data/Image1037.jpg,Dataset/orthomosaic/nust.tif
Dataset/data/Image1038.jpg,Dataset/orthomosaic/nust.tif
Dataset/data/Image1039.jpg,Dataset/orthomosaic/nust.tif
Dataset/data/Image1040.jpg,Dataset/orthomosaic/nust.tif
Dataset/data/Image1041.jpg,Dataset/orthomosaic/nust.tif
Dataset/data/Image1042.jpg,Dataset/orthomosaic/nust.tif
Dataset/data/Image1043.jpg,Dataset/orthomosaic/nust.tif
Dataset/data/Image1044.jpg,Dataset/orthomosaic/nust.tif
Dataset/data/Image1045.jpg,Dataset/orthomosaic/nust.tif
Dataset/data/Image1046.jpg,Dataset/orthomosaic/nust.tif
Dataset/data/Image1047.jpg,Dataset/orthomosaic/nust.tif
Dataset/data/Image1048.jpg,Dataset/orthomosaic/nust.tif
Dataset/data/Image1049.jpg,Dataset/orthomosaic/nust.tif
Dataset/data/Image1050.jpg,Dataset/orthomosaic/nust.tif
Dataset/data/Image1051.jpg,Dataset/orthomosaic/nust.tif
Dataset/data/Image1052.jpg,Dataset/orthomosaic/nust.tif
Dataset/data/Image1053.jpg,Dataset/orthomosaic/nust.tif
Dataset/data/Image1054.jpg,Dataset/orthomosaic/nust.tif
Dataset/data/Image1055.jpg,Dataset/orthomosaic/nust.tif
Dataset/data/Image1056.jpg,Dataset/orthomosaic/nust.tif
Dataset/data/Image1057.jpg,Dataset/orthomosaic/nust.tif
Dataset/data/Image1058.jpg,Dataset/orthomosaic/nust.tif
Dataset/data/Image1059.jpg,Dataset/orthomosaic/nust.tif
Dataset/data/Image1060.jpg,Dataset/orthomosaic/nust.tif
Dataset/data/Image1061.jpg,Dataset/orthomosaic/nust.tif
Dataset/data/Image1062.jpg,Dataset/orthomosaic/nust.tif
Dataset/data/Image1063.jpg,Dataset/orthomosaic/nust.tif
Dataset/data/Image1064.jpg,Dataset/orthomosaic/nust.tif
Dataset/data/Image1065.jpg,Dataset/orthomosaic/nust.tif
Dataset/data/Image1066.jpg,Dataset/orthomosaic/nust.tif
Dataset/data/Image1067.jpg,Dataset/orthomosaic/nust.tif
Dataset/data/Image1068.jpg,Dataset/orthomosaic/nust.tif
Dataset/data/Image1069.jpg,Dataset/orthomosaic/nust.tif
Dataset/data/Image1070.jpg,Dataset/orthomosaic/nust.tif
Dataset/data/Image1071.jpg,Dataset/orthomosaic/nust.tif
Dataset/data/Image1072.jpg,Dataset/orthomosaic/nust.tif
Dataset/data/Image1073.jpg,Dataset/orthomosaic/nust.tif
Dataset/data/Image1074.jpg,Dataset/orthomosaic/nust.tif
Dataset/data/Image1075.jpg,Dataset/orthomosaic/nust.tif
Dataset/data/Image1076.jpg,Dataset/orthomosaic/nust.tif
Dataset/data/Image1077.jpg,Dataset/orthomosaic/nust.tif
Dataset/data/Image1078.jpg,Dataset/orthomosaic/nust.tif
Dataset/data/Image1079.jpg,Dataset/orthomosaic/nust.tif
Dataset/data/Image1080.jpg,Dataset/orthomosaic/nust.tif
Dataset/data/Image1081.jpg,Dataset/orthomosaic/nust.tif
Dataset/data/Image1082.jpg,Dataset/orthomosaic/nust.tif
Dataset/data/Image1083.jpg,Dataset/orthomosaic/nust.tif
Dataset/data/Image1084.jpg,Dataset/orthomosaic/nust.tif
Dataset/data/Image1085.jpg,Dataset/orthomosaic/nust.tif
Dataset/data/Image1086.jpg,Dataset/orthomosaic/nust.tif
Dataset/data/Image1087.jpg,Dataset/orthomosaic/nust.tif
Dataset/data/Image1088.jpg,Dataset/orthomosaic/nust.tif
Dataset/data/Image1089.jpg,Dataset/orthomosaic/nust.tif
Dataset/data/Image1090.jpg,Dataset/orthomosaic/nust.tif
Dataset/data/Image1091.jpg,Dataset/orthomosaic/nust.tif
Dataset/data/Image1092.jpg,Dataset/orthomosaic/nust.tif
Dataset/data/Image1093.jpg,Dataset/orthomosaic/nust.tif
Dataset/data/Image1094.jpg,Dataset/orthomosaic/nust.tif
Dataset/data/Image1095.jpg,Dataset/orthomosaic/nust.tif
Dataset/data/Image1096.jpg,Dataset/orthomosaic/nust.tif
Dataset/data/Image1097.jpg,Dataset/orthomosaic/nust.tif
Dataset/data/Image1098.jpg,Dataset/orthomosaic/nust.tif
Dataset/data/Image1099.jpg,Dataset/orthomosaic/nust.tif
Dataset/data/Image1100.jpg,Dataset/orthomosaic/nust.tif
Dataset/data/Image1101.jpg,Dataset/orthomosaic/nust.tif
Dataset/data/Image1102.jpg,Dataset/orthomosaic/nust.tif
Dataset/data/Image1103.jpg,Dataset/orthomosaic/nust.tif
Dataset/data/Image1104.jpg,Dataset/orthomosaic/nust.tif
Dataset/data/Image1105.jpg,Dataset/orthomosaic/nust.tif
Dataset/data/Image1106.jpg,Dataset/orthomosaic/nust.tif
Dataset/data/Image1107.jpg,Dataset/orthomosaic/nust.tif
Dataset/data/Image1108.jpg,Dataset/orthomosaic/nust.tif
Dataset/data/Image1109.jpg,Dataset/orthomosaic/nust.tif
Dataset/data/Image1110.jpg,Dataset/orthomosaic/nust.tif
Dataset/data/Image1111.jpg,Dataset/orthomosaic/nust.tif
Dataset/data/Image1112.jpg,Dataset/orthomosaic/nust.tif
Dataset/data/Image1113.jpg,Dataset/orthomosaic/nust.tif
Dataset/data/Image1114.jpg,Dataset/orthomosaic/nust.tif
Dataset/data/Image1115.jpg,Dataset/orthomosaic/nust.tif
Dataset/data/Image1116.jpg,Dataset/orthomosaic/nust.tif
Dataset/data/Image1117.jpg,Dataset/orthomosaic/nust.tif
Dataset/data/Image1118.jpg,Dataset/orthomosaic/nust.tif
Dataset/data/Image1119.jpg,Dataset/orthomosaic/nust.tif
Dataset/data/Image1120.jpg,Dataset/orthomosaic/nust.tif
Dataset/data/Image1121.jpg,Dataset/orthomosaic/nust.tif
Dataset/data/Image1122.jpg,Dataset/orthomosaic/nust.tif
Dataset/data/Image1123.jpg,Dataset/orthomosaic/nust.tif
Dataset/data/Image1124.jpg,Dataset/orthomosaic/nust.tif
Dataset/data/Image1125.jpg,Dataset/orthomosaic/nust.tif
Dataset/data/Image1126.jpg,Dataset/orthomosaic/nust.tif
Dataset/data/Image1127.jpg,Dataset/orthomosaic/nust.tif
Dataset/data/Image1128.jpg,Dataset/orthomosaic/nust.tif
Dataset/data/Image1129.jpg,Dataset/orthomosaic/nust.tif
Dataset/data/Image1130.jpg,Dataset/orthomosaic/nust.tif
Dataset/data/Image1131.jpg,Dataset/orthomosaic/nust.tif
Dataset/data/Image1132.jpg,Dataset/orthomosaic/nust.tif
Dataset/data/Image1133.jpg,Dataset/orthomosaic/nust.tif
Dataset/data/Image1134.jpg,Dataset/orthomosaic/nust.tif
Dataset/data/Image1135.jpg,Dataset/orthomosaic/nust.tif
Dataset/data/Image1136.jpg,Dataset/orthomosaic/nust.tif
Dataset/data/Image1137.jpg,Dataset/orthomosaic/nust.tif
Dataset/data/Image1138.jpg,Dataset/orthomosaic/nust.tif
Dataset/data/Image1139.jpg,Dataset/orthomosaic/nust.tif
Dataset/data/Image1140.jpg,Dataset/orthomosaic/nust.tif
Dataset/data/Image1141.jpg,Dataset/orthomosaic/nust.tif
Dataset/data/Image1142.jpg,Dataset/orthomosaic/nust.tif
Dataset/data/Image1143.jpg,Dataset/orthomosaic/nust.tif
Dataset/data/Image1144.jpg,Dataset/orthomosaic/nust.tif
Dataset/data/Image1145.jpg,Dataset/orthomosaic/nust.tif
Dataset/data/Image1146.jpg,Dataset/orthomosaic/nust.tif
Dataset/data/Image1147.jpg,Dataset/orthomosaic/nust.tif
Dataset/data/Image1148.jpg,Dataset/orthomosaic/nust.tif
Dataset/data/Image1149.jpg,Dataset/orthomosaic/nust.tif
Dataset/data/Image1150.jpg,Dataset/orthomosaic/nust.tif
Dataset/data/Image1151.jpg,Dataset/orthomosaic/nust.tif
Dataset/data/Image1152.jpg,Dataset/orthomosaic/nust.tif
Dataset/data/Image1153.jpg,Dataset/orthomosaic/nust.tif
Dataset/data/Image1154.jpg,Dataset/orthomosaic/nust.tif
Dataset/data/Image1155.jpg,Dataset/orthomosaic/nust.tif
Dataset/data/Image1156.jpg,Dataset/orthomosaic/nust.tif
Dataset/data/Image1157.jpg,Dataset/orthomosaic/nust.tif
Dataset/data/Image1158.jpg,Dataset/orthomosaic/nust.tif
Dataset/data/Image1159.jpg,Dataset/orthomosaic/nust.tif
Dataset/data/Image1160.jpg,Dataset/orthomosaic/nust.tif
Dataset/data/Image1161.jpg,Dataset/orthomosaic/nust.tif
Dataset/data/Image1162.jpg,Dataset/orthomosaic/nust.tif
Dataset/data/Image1163.jpg,Dataset/orthomosaic/nust.tif
Dataset/data/Image1164.jpg,Dataset/orthomosaic/nust.tif
Dataset/data/Image1165.jpg,Dataset/orthomosaic/nust.tif
Dataset/data/Image1166.jpg,Dataset/orthomosaic/nust.tif
Dataset/data/Image1167.jpg,Dataset/orthomosaic/nust.tif
Dataset/data/Image1168.jpg,Dataset/orthomosaic/nust.tif
Dataset/data/Image1169.jpg,Dataset/orthomosaic/nust.tif
Dataset/data/Image1170.jpg,Dataset/orthomosaic/nust.tif
Dataset/data/Image1171.jpg,Dataset/orthomosaic/nust.tif
Dataset/data/Image1172.jpg,Dataset/orthomosaic/nust.tif
Dataset/data/Image1173.jpg,Dataset/orthomosaic/nust.tif
Dataset/data/Image1174.jpg,Dataset/orthomosaic/nust.tif
Dataset/data/Image1175.jpg,Dataset/orthomosaic/nust.tif
Dataset/data/Image1176.jpg,Dataset/orthomosaic/nust.tif
Dataset/data/Image1177.jpg,Dataset/orthomosaic/nust.tif
Dataset/data/Image1178.jpg,Dataset/orthomosaic/nust.tif
Dataset/data/Image1179.jpg,Dataset/orthomosaic/nust.tif
Dataset/data/Image1180.jpg,Dataset/orthomosaic/nust.tif
Dataset/data/Image1181.jpg,Dataset/orthomosaic/nust.tif
Dataset/data/Image1182.jpg,Dataset/orthomosaic/nust.tif
Dataset/data/Image1183.jpg,Dataset/orthomosaic/nust.tif
Dataset/data/Image1184.jpg,Dataset/orthomosaic/nust.tif
Dataset/data/Image1185.jpg,Dataset/orthomosaic/nust.tif
Dataset/data/Image1186.jpg,Dataset/orthomosaic/nust.tif
Dataset/data/Image1187.jpg,Dataset/orthomosaic/nust.tif
Dataset/data/Image1188.jpg,Dataset/orthomosaic/nust.tif
Dataset/data/Image1189.jpg,Dataset/orthomosaic/nust.tif
Dataset/data/Image1190.jpg,Dataset/orthomosaic/nust.tif
Dataset/data/Image1191.jpg,Dataset/orthomosaic/nust.tif
Dataset/data/Image1192.jpg,Dataset/orthomosaic/nust.tif
Dataset/data/Image1193.jpg,Dataset/orthomosaic/nust.tif
Dataset/data/Image1194.jpg,Dataset/orthomosaic/nust.tif
Dataset/data/Image1195.jpg,Dataset/orthomosaic/nust.tif
Dataset/data/Image1196.jpg,Dataset/orthomosaic/nust.tif
Dataset/data/Image1197.jpg,Dataset/orthomosaic/nust.tif
Dataset/data/Image1198.jpg,Dataset/orthomosaic/nust.tif
Dataset/data/Image1199.jpg,Dataset/orthomosaic/nust.tif
Dataset/data/Image1200.jpg,Dataset/orthomosaic/nust.tif